Epoch	AverageEpRet	StdEpRet	MaxEpRet	MinEpRet	AverageEpLen	StdEpLen	MaxEpLen	MinEpLen	AverageVVals	StdVVals	MaxVVals	MinVVals	TotalEnvInteracts	LossPi	LossV	DeltaLossPi	DeltaLossV	Entropy	KL	ClipFrac	StopIter	Time
0	822.71204	822.0228	2482.4944	1.9e-39	408.0625	389.1045	1123.0	18.0	11301.493	129136.78	2545233.2	-0.12737386	10000	-2.2351742e-08	16804000000.0	-0.0026594102	-16803942000.0	1.7196361	0.076602325	0.23	41.0	11.923991680145264
1	1374.1057	783.2143	2824.178	277.94095	669.46155	414.73526	1440.0	169.0	11.914777	12.742672	240.34773	1.8346028	20000	2.9802322e-08	1206.0206	-0.011016126	-798.9114	1.7147298	0.26128963	0.1066	79.0	24.273691654205322
2	1491.5045	1123.7622	3191.1401	7.747555e-37	683.1667	522.05664	1440.0	52.0	29.32324	6.9646935	89.50939	11.75752	30000	-1.4901161e-08	363.30472	-0.008246558	-223.805	1.6246583	0.0024957582	0.0908	79.0	36.60802602767944
3	936.6465	522.5488	2262.1074	333.44568	555.55554	380.60132	1440.0	112.0	39.28111	5.835966	52.732212	1.2858806	40000	3.7252903e-08	438.53915	-0.007271573	-116.15742	1.5851738	0.00019820454	0.1097	79.0	49.02444338798523
4	782.7497	542.94104	2919.9407	95.69337	400.08334	276.71344	1297.0	32.0	32.61063	6.468761	49.30578	1.3744671	50000	1.4901161e-08	271.13837	-0.001220677	-25.750175	1.6563385	0.3892378	0.036199998	44.0	60.504629611968994
5	791.7031	863.33887	2904.7393	9.8216465e-34	468.58823	447.83572	1440.0	71.0	35.93292	6.4887104	52.275658	1.385435	60000	3.7252903e-09	282.53528	-0.012905588	-24.684818	1.5856738	-0.0036906346	0.1708	79.0	73.02606439590454
6	919.64526	798.08154	2644.4094	47.929337	469.06668	437.10297	1440.0	16.0	36.77518	9.109589	55.351295	2.6841757	70000	0.0	222.63817	-0.012067005	-15.805508	1.5450406	0.0251705	0.12820001	79.0	85.33467864990234
7	1198.5857	862.05444	2501.5776	2e-39	625.0	447.29562	1440.0	19.0	37.59658	7.4241977	51.751488	6.7977233	80000	1.4901161e-08	186.45459	-0.0130670685	-6.7891464	1.4666994	0.032170564	0.1768	79.0	97.82741951942444
