AverageEpRet	StdEpRet	MaxEpRet	MinEpRet	EpLen
204.6645	85.003525	338.51004	52.717144	400.0
