Epoch	AverageEpRet	StdEpRet	MaxEpRet	MinEpRet	AverageEpLen	StdEpLen	MaxEpLen	MinEpLen	AverageVVals	StdVVals	MaxVVals	MinVVals	TotalEnvInteracts	LossPi	LossV	DeltaLossPi	DeltaLossV	Entropy	KL	ClipFrac	StopIter	Time
0	382.64755	272.63895	1082.8513	7.5926605e-06	391.0	307.0635	1358.0	19.0	6423.04	21401.037	461708.25	-334072.53	10000	6.519258e-09	499023230.0	0.012308071	-498667780.0	1.3769336	157.13354	0.0074000005	3.0	11.145302772521973
1	380.06937	422.31763	1584.2983	1.540068e-06	417.9091	456.13266	1440.0	19.0	-4.435579	147.30663	68.66402	-5008.7734	20000	-4.773028e-09	22529.176	0.0100814905	28827.719	1.3822999	6.264982	0.0066	29.0	22.637596607208252
2	778.4702	565.9213	1883.5332	7.3452946e-05	450.3684	341.8672	1089.0	38.0	-37.578594	311.02493	23185.65	-3310.366	30000	2.7939677e-09	103031.29	-0.0035973839	-99977.09	1.5940921	0.07644916	0.23949999	31.0	34.31152939796448
3	767.34906	701.48737	2613.9663	50.637455	454.54544	417.5356	1440.0	19.0	3.8097522	39.53077	208.90797	-648.38794	40000	-5.6810677e-08	2475.2783	0.09310273	-1911.7758	1.4547939	10.015764	0.227	9.0	45.17329263687134
4	914.6263	623.1334	2062.2852	141.22183	608.86664	422.53644	1440.0	53.0	15.388989	8.75942	63.20736	0.4915247	50000	5.2154064e-08	283.01184	0.07633184	10.805862	1.4863191	190.5581	0.3206	4.0	55.91329741477966
5	1034.9543	787.19226	2353.9539	133.11903	666.53845	496.64883	1440.0	51.0	14.7757435	14.182989	274.0324	0.37437624	60000	-3.3527613e-08	434.79297	0.049356595	-32.159348	1.3742383	5.1718893	0.2438	56.0	68.3630154132843
6	934.9358	649.09875	2272.3608	85.075935	630.38464	420.49997	1440.0	52.0	15.081191	14.474257	151.46347	0.39888316	70000	-5.2154064e-08	466.37158	0.028038561	72.03101	1.2721968	327.1928	0.2782	40.0	80.00683999061584
7	1240.5845	758.7312	2256.9453	208.42107	833.3333	502.6482	1440.0	197.0	7.2456517	3.110998	25.983925	0.27939233	80000	3.594905e-07	546.76624	-0.015684431	-163.79797	1.3313272	0.08417122	0.59080005	5.0	91.18669104576111
