Epoch	AverageEpRet	StdEpRet	MaxEpRet	MinEpRet	AverageEpLen	StdEpLen	MaxEpLen	MinEpLen	AverageVVals	StdVVals	MaxVVals	MinVVals	TotalEnvInteracts	LossPi	LossV	DeltaLossPi	DeltaLossV	Entropy	KL	ClipFrac	StopIter	Time
0	324.72266	274.3573	1096.4076	3.234033e-06	453.8421	308.33344	1440.0	88.0	7997.625	14915.793	137968.22	-0.082811505	10000	-2.165325e-08	286436700.0	-0.07271181	-284262850.0	1.7985992	-0.14717714	0.7125	79.0	12.938554286956787
