Epoch	AverageEpRet	StdEpRet	MaxEpRet	MinEpRet	AverageEpLen	StdEpLen	MaxEpLen	MinEpLen	AverageVVals	StdVVals	MaxVVals	MinVVals	TotalEnvInteracts	LossPi	LossV	DeltaLossPi	DeltaLossV	Entropy	KL	ClipFrac	StopIter	Time
0	645.8415	630.00104	2655.2021	5.3999345e-34	355.42105	379.37003	1440.0	50.0	8966.571	47829.215	1450547.4	-0.12737386	10000	-1.8626451e-09	2367601700.0	-0.04410063	-2365790200.0	1.575068	146.56914	0.3731	30.0	13.076075077056885
1	1216.3313	862.12225	2938.2144	336.137	672.6923	472.72894	1440.0	137.0	51.542892	155.3661	4413.2686	2.3525057	20000	4.656613e-09	25016.246	-0.066606954	-22200.182	1.4274516	82.764084	0.60830003	36.0	26.352844953536987
