episode,steps,actions,episode_reward
1,511,298,562.1363811358627
2,1757,1022,1282.1119472055102
3,879,540,683.7430863394728
4,429,247,354.659589934822
5,144,88,105.32344043162581
6,384,230,282.15484742532175
7,226,129,233.15243942526945
