episode,steps,actions,episode_reward
1,528,349,9.227584064631359e-06
2,646,359,1.0647377226402375e-05
3,204,121,3.2440331186201796e-06
4,2326,1364,3.772064481234572e-05
